category,fraction,average_dot_product,variance,second_best_category
Image of Zebra,0.13725,0.3285155,9.8716584e-05,Picture of Zebra
Picture of Zebra,0.07975,0.33123252,9.06439e-05,Image of Zebra
Wild Zebra,0.0145,0.32198948,0.00013016832,Image of Zebra
African Zebra,0.01075,0.327001,0.00017804878,Image of Zebra
Zebra Herd,0.0025,0.33265746,6.936789e-05,Image of Zebra
Zebra in the Wild,0.00375,0.32436147,5.0878523e-05,Wild Zebra
Zebra Plains,0.0005,0.30802184,5.2154064e-08,Image of Zebra
Picture of Rhino,0.14275,0.3195354,0.00017122045,Image of Rhino
Large Zebra,0.0005,0.3109358,4.541129e-05,Wild Zebra
Moving Zebra,0.0005,0.3162765,6.698072e-06,Wild Zebra
African Rhino,0.03475,0.3134241,0.0001342005,Image of Rhino
Image of Rhino,0.065,0.31392777,0.00014848709,Picture of Rhino
African Buffalo,0.21475,0.32595345,0.00034230135,Buffalo in the Wild
Moving Rhino,0.00325,0.3135037,0.00021558542,Image of Rhino
Picture of Elephant,0.07925,0.30831617,0.00011314127,Image of Elephant
Large Elephant,0.0045,0.30223092,0.00012473928,Picture of Elephant
African Elephant,0.09625,0.3138971,0.00010265994,Picture of Elephant
Rhinoceros,0.00225,0.3167789,0.00014527638,Image of Rhino
Rhino in the Wild,0.003,0.29915145,9.5138945e-05,Image of Rhino
Large Buffalo,0.01075,0.29689577,0.00046473325,African Buffalo
Wild Elephant,0.0115,0.30982158,7.888545e-05,African Elephant
Wild Rhino,0.00075,0.28976306,3.238519e-05,Image of Rhino
Image of Elephant,0.04625,0.3093186,9.4212715e-05,Picture of Elephant
Rhino Herd,0.00025,0.322464,0.0,Image of Rhino
Elephant in the Wild,0.008,0.3043323,0.00015233457,Wild Elephant
Elephant,0.0045,0.294593,7.247263e-05,Picture of Elephant
Moving Elephant,0.003,0.30433962,0.00011415283,Picture of Elephant
Buffalo in the Wild,0.01025,0.31277168,0.0003435321,African Buffalo
Image of Buffalo,0.0025,0.2933925,0.00014305115,Large Buffalo
Picture of Buffalo,0.00425,0.29822764,0.00034165382,Image of Buffalo
Buffalo Plains,0.00075,0.31093022,0.0002488792,Buffalo in the Wild
Buffalo Herd,0.00075,0.30747437,1.134475e-05,Buffaloes
Elephant Herd,0.00025,0.28923595,0.0,Buffalo Herd
Buffaloes,0.0005,0.31317964,6.183982e-07,African Buffalo
