category,fraction,average_dot_product,variance,second_best_category
Card of Hearts,0.24834437086092714,0.31264633,0.00046636135,Card of Spades
Card of Spades,0.4189354917831739,0.30599692,0.0004227435,Card of Clubs
Card of Clubs,0.24000490556781948,0.29862306,0.00042121898,Card of Spades
Card of Diamonds,0.09271523178807947,0.2917541,0.0005211906,Card of Spades
