category,fraction,average_dot_product,variance,second_best_category
image of dog,0.6202300405953992,0.24666156,0.0001970343,picture of dog
image of cat,0.09106901217861976,0.25323206,0.00016004157,picture of cat
image of cats,0.002165087956698241,0.26716065,0.00018328428,picture of cats
picture of dog,0.0031799729364005414,0.26548114,0.00020958515,image of dog
moving dog,0.0018267929634641408,0.26145324,0.00015545775,image of dog
picture of cat,0.0015561569688768606,0.2722862,0.00011384487,image of cat
image of cool dog,0.013937753721244926,0.26905268,0.00010564489,image of dog
moving cat,0.003991880920162382,0.27221137,0.00013641584,image of cat
image of nice dog,0.04533152909336942,0.26826212,0.00010178409,image of dog
sitting cat,0.03795669824086603,0.2750085,8.441973e-05,image of nice cat
dog picture,0.0029093369418132613,0.26416314,8.560336e-05,image of dog
sitting dog,0.06921515561569688,0.26929465,0.00010407449,image of dog
image of nice cat,0.07151556156968877,0.27323455,6.361919e-05,image of cat
image of cool cat,0.005277401894451962,0.26840517,9.806339e-05,image of nice cat
cat picture,0.0014208389715832206,0.26887465,6.0586703e-05,picture of cat
nice cat,0.0062246278755074425,0.26859424,9.257379e-05,image of nice cat
nice dog,0.0018944519621109607,0.2579927,8.9441026e-05,image of dog
dog image,0.005277401894451962,0.26095727,7.8403034e-05,image of dog
cat image,0.0066305818673883625,0.2642591,8.136399e-05,image of cat
cool dog,0.0010148849797023004,0.26637316,0.00011355082,image of cool dog
cool cat,0.0009472259810554803,0.26457635,0.000105581115,image of cool cat
image of dogs,0.005751014884979702,0.26479498,0.00011006524,image of dog
dogs,0.00013531799729364006,0.2545746,2.6263297e-05,nice dog
dog,0.0005412719891745603,0.25912172,4.403293e-05,dog image
